2020,2021
Energie-1,Fussweg-suze-2
Energie-2,Fussweg-suze-2
Energie-3,Fussweg-suze-2
Hayek-1,Fussweg-suze-1
rue de l’eau 2,Fussweg-suze-3
rue de l’eau 3,Fussweg-suze-3
strom,Schleusenweg-suze-2
sureaux,Holunderweg-madretschkanal-1
Cff-lot-2,Holunderweg-madretschkanal-4
Cff-path-2,Holunderweg-madretschkanal-6
Cff-path-1,Holunderweg-madretschkanal-7
Jura-2,Schwanengasse-madretschkanal-1
cygnes,Schwanengase-area-4
Cygnes-lot-2,Schwanengasse-area-5
Cygnes-lot-5,Schwanengasse-area-2
Cygnes-lot-1,Schwanengase-area-1
Cygnes-lot-7,Schwanengase-area-1
Cygnes-lot-4,Schwanengase-area-3
Salome-5,Schwanengasse-madretschkanal-2
Alleestrasse-1,Alleestrasse-madretschkanal-1
Alleestrasse-2,Alleestrasse-madretschkanal-1
Alleestrasse-3,Alleestrasse-madretschkanal-2
Alleestrasse-4,Alleestrasse-madretschkanal-3
Chemin-des-voies,Bahnweg-madretschkanal-3
Swatch-2,Schuessinsel-suze-2
Schussinsel-suze-4,Schuessinsel-suze-11
Chemin-de-la-course,Schuessinsel-suze-7
Gottstatt-1,Schuessinsel-suze-5
Gottstatt-2,Schuessinsel-suze-6
Gottstatt-3,Schuessinsel-suze-6
chapelle,Schuessinsel-kanal-6
Bluets-1,Schuessinsel-kanal-2
Truite-3,Schuessinsel-suze-13
Truite-1,Schuessinsel-suze-4
Truite-2,Schuessinsel-suze-4
Football-6,Muehlestrasse-suze-1
Football-2,Muehlestrasse-suze-2
Football-1,Schloesslifeld-suze-4
schlosslifeld-2,schloesslifeld-suze-1
schlosslifeld-3,schloesslifeld-suze-3
schlosslistrasse,parc-renfer-suze-1
Buren-1,Burenstrasse-suze-3
Boujean-1,Buerenstrasse-Suze-1
Boujean-2,Buerenstrasse-Suze-1
Boujean-3,Buerenstrasse-Suze-1
Boujean-4,Buerenstrasse-Suze-2
Buren-2,Buerenstrasse-suze-5
Rue-alfred-aebi,Zukunftstrasse-Madretschkanal-1
Frinvilier-fabrique-2,Frinvilier-suze-1
Frinvilier-fabrique-3,Frinvilier-suze-1
Frinvilier-ramp,Frinvilier-ramp-1
Footbal-5,Muehlestrasse-suze-1
Footbal-4,Muehlestrasse-suze-2
Bluets-2,Schuessinsel-kanal-5
rue centrale,Zentralstrasse-madretschkanal-1
